Match_Id,Match_Date,Team_Name_Id,Opponent_Team_Id,Season_Id,Venue_Name,Toss_Winner_Id,Toss_Decision,IS_Superover,IS_Result,Is_DuckWorthLewis,Win_Type,Won_By,Match_Winner_Id,Man_Of_The_Match_Id,First_Umpire_Id,Second_Umpire_Id,City_Name,Host_Country
335987,39556,2,1,1,M Chinnaswamy Stadium,2,field,0,1,0,by runs,140,1,2,470,477,Bangalore,India
335988,39557,4,3,1,"Punjab Cricket Association Stadium, Mohali",3,bat,0,1,0,by runs,33,3,19,471,487,Chandigarh,India
335989,39557,6,5,1,Feroz Shah Kotla,5,bat,0,1,0,by wickets,9,6,90,472,512,Delhi,India
335990,39558,7,2,1,Wankhede Stadium,7,bat,0,1,0,by wickets,5,2,11,473,476,Mumbai,India
335991,39558,1,8,1,Eden Gardens,8,bat,0,1,0,by wickets,5,1,4,474,486,Kolkata,India
335992,39559,5,4,1,Sawai Mansingh Stadium,4,bat,0,1,0,by wickets,6,5,32,472,513,Jaipur,India
335993,39560,8,6,1,"Rajiv Gandhi International Stadium, Uppal",8,bat,0,1,0,by wickets,9,6,41,475,492,Hyderabad,India
335994,39561,3,7,1,"MA Chidambaram Stadium, Chepauk",7,field,0,1,0,by runs,6,3,18,476,512,Chennai,India
335995,39562,8,5,1,"Rajiv Gandhi International Stadium, Uppal",5,field,0,1,0,by wickets,3,5,31,470,471,Hyderabad,India
335996,39563,4,7,1,"Punjab Cricket Association Stadium, Mohali",7,field,0,1,0,by runs,66,4,26,472,492,Chandigarh,India
335997,39564,2,5,1,M Chinnaswamy Stadium,5,field,0,1,0,by wickets,7,5,32,471,475,Bangalore,India
335998,39564,3,1,1,"MA Chidambaram Stadium, Chepauk",1,bat,0,1,0,by wickets,9,3,22,474,479,Chennai,India
335999,39565,7,8,1,Dr DY Patil Sports Academy,8,field,0,1,0,by wickets,10,8,53,470,487,Mumbai,India
336000,39565,4,6,1,"Punjab Cricket Association Stadium, Mohali",6,bat,0,1,0,by wickets,4,4,28,477,514,Chandigarh,India
336001,39566,2,3,1,M Chinnaswamy Stadium,3,bat,0,1,0,by runs,13,3,20,478,513,Bangalore,India
336002,39567,1,7,1,Eden Gardens,1,bat,0,1,0,by wickets,7,7,44,474,479,Kolkata,India
336003,39568,6,2,1,Feroz Shah Kotla,2,field,0,1,0,by runs,10,6,118,472,514,Delhi,India
336004,39569,8,4,1,"Rajiv Gandhi International Stadium, Uppal",4,field,0,1,0,by wickets,7,4,100,478,513,Hyderabad,India
336005,39569,5,1,1,Sawai Mansingh Stadium,5,bat,0,1,0,by runs,45,5,101,477,512,Jaipur,India
336006,39570,3,6,1,"MA Chidambaram Stadium, Chepauk",3,bat,0,1,0,by wickets,8,6,41,474,486,Chennai,India
336007,39593,8,2,1,"Rajiv Gandhi International Stadium, Uppal",8,bat,0,1,0,by wickets,5,2,81,470,477,Hyderabad,India
336008,39571,4,1,1,"Punjab Cricket Association Stadium, Mohali",4,bat,0,1,0,by runs,9,4,29,476,514,Chandigarh,India
336009,39572,7,6,1,Dr DY Patil Sports Academy,6,field,0,1,0,by runs,29,7,49,475,477,Mumbai,India
336010,39572,5,3,1,Sawai Mansingh Stadium,3,bat,0,1,0,by wickets,8,5,102,470,479,Jaipur,India
336011,39573,2,4,1,M Chinnaswamy Stadium,4,field,0,1,0,by wickets,6,4,77,473,478,Bangalore,India
336012,39574,3,8,1,"MA Chidambaram Stadium, Chepauk",8,field,0,1,0,by wickets,7,8,53,471,513,Chennai,India
336013,39575,7,5,1,Dr DY Patil Sports Academy,7,field,0,1,0,by wickets,7,7,73,476,477,Mumbai,India
336014,39576,6,3,1,Feroz Shah Kotla,3,field,0,1,0,by wickets,4,3,20,472,513,Delhi,India
336015,39576,1,2,1,Eden Gardens,1,bat,0,1,0,by runs,5,1,1,470,475,Kolkata,India
336016,39577,5,8,1,Sawai Mansingh Stadium,5,field,0,1,0,by wickets,8,5,31,471,492,Jaipur,India
336017,39596,2,7,1,M Chinnaswamy Stadium,7,field,0,1,0,by wickets,9,7,149,474,479,Bangalore,India
336018,39578,3,4,1,"MA Chidambaram Stadium, Chepauk",4,field,0,1,0,by runs,18,3,151,479,480,Chennai,India
336019,39579,8,1,1,"Rajiv Gandhi International Stadium, Uppal",1,bat,0,1,0,by runs,23,1,1,475,492,Hyderabad,India
336020,39579,5,6,1,Sawai Mansingh Stadium,5,field,0,1,0,by wickets,3,5,32,473,477,Jaipur,India
336021,39580,4,2,1,"Punjab Cricket Association Stadium, Mohali",2,bat,0,1,0,by wickets,9,4,100,478,514,Chandigarh,India
336022,39581,1,6,1,Eden Gardens,1,bat,0,1,0,by runs,23,1,144,470,475,Kolkata,India
336023,39582,7,3,1,Wankhede Stadium,7,field,0,1,0,by wickets,9,7,44,478,492,Mumbai,India
336024,39596,4,5,1,"Punjab Cricket Association Stadium, Mohali",5,field,0,1,0,by runs,41,4,100,473,486,Chandigarh,India
336025,39583,6,8,1,Feroz Shah Kotla,8,field,0,1,0,by runs,12,6,136,480,512,Delhi,India
336026,39584,7,1,1,Wankhede Stadium,7,field,0,1,0,by wickets,8,7,49,478,476,Mumbai,India
336027,39585,6,4,1,Feroz Shah Kotla,6,bat,0,1,1,by runs,6,4,64,479,477,Delhi,India
336028,39585,5,2,1,Sawai Mansingh Stadium,2,field,0,1,0,by runs,65,5,74,474,487,Jaipur,India
336029,39586,8,7,1,"Rajiv Gandhi International Stadium, Uppal",8,field,0,1,0,by runs,25,7,71,478,476,Hyderabad,India
336030,39586,1,3,1,Eden Gardens,1,bat,0,1,1,by runs,3,3,122,470,486,Kolkata,India
336031,39587,2,6,1,M Chinnaswamy Stadium,6,field,0,1,0,by wickets,5,6,132,473,512,Bangalore,India
336032,39588,1,5,1,Eden Gardens,5,field,0,1,0,by wickets,6,5,31,480,477,Kolkata,India
336033,39589,7,4,1,Wankhede Stadium,7,field,0,1,0,by runs,1,4,100,474,512,Mumbai,India
336034,39589,3,2,1,"MA Chidambaram Stadium, Chepauk",2,bat,0,1,0,by runs,14,2,124,476,514,Chennai,India
336036,39591,4,8,1,"Punjab Cricket Association Stadium, Mohali",4,field,0,1,0,by wickets,6,4,100,470,473,Chandigarh,India
336037,39592,6,7,1,Feroz Shah Kotla,6,field,0,1,0,by wickets,5,6,88,474,486,Delhi,India
336038,39592,3,5,1,"MA Chidambaram Stadium, Chepauk",5,bat,0,1,0,by runs,10,5,109,476,487,Chennai,India
336039,39571,2,8,1,M Chinnaswamy Stadium,8,field,0,1,0,by runs,3,2,14,478,487,Bangalore,India
336040,39593,1,4,1,Eden Gardens,4,bat,0,1,0,by wickets,3,1,105,473,514,Kolkata,India
336041,39594,5,7,1,Sawai Mansingh Stadium,5,field,0,1,0,by wickets,5,5,102,474,486,Jaipur,India
336042,39595,8,3,1,"Rajiv Gandhi International Stadium, Uppal",8,bat,0,1,0,by wickets,7,3,21,480,492,Hyderabad,India
336043,39598,6,5,1,Wankhede Stadium,6,field,0,1,0,by runs,105,5,32,474,477,Mumbai,India
336044,39599,3,4,1,Wankhede Stadium,4,bat,0,1,0,by wickets,9,3,122,470,476,Mumbai,India
336045,39600,3,5,1,Dr DY Patil Sports Academy,5,field,0,1,0,by wickets,3,5,31,474,477,Mumbai,India
392186,39921,3,7,2,Newlands,3,field,0,1,0,by runs,19,7,133,478,486,Cape Town,South Africa
392187,39921,2,5,2,Newlands,2,bat,0,1,0,by runs,75,2,6,478,513,Cape Town,South Africa
392188,39922,6,4,2,Newlands,6,field,0,1,1,by wickets,10,6,175,471,515,Cape Town,South Africa
392189,39922,8,1,2,Newlands,1,bat,0,1,0,by wickets,8,8,61,471,478,Cape Town,South Africa
392190,39923,2,3,2,St George's Park,3,bat,0,1,0,by runs,92,3,121,480,490,Port Elizabeth,South Africa
392191,39924,4,1,2,Kingsmead,1,field,0,1,1,by runs,11,1,162,476,515,Durban,South Africa
392193,39925,2,8,2,Newlands,8,bat,0,1,0,by runs,24,8,53,481,492,Cape Town,South Africa
392194,39926,3,6,2,Kingsmead,6,bat,0,1,0,by runs,9,6,110,478,490,Durban,South Africa
392195,39926,1,5,2,Newlands,1,field,1,1,0,Tie,NULL,5,31,471,481,Cape Town,South Africa
392196,39927,2,4,2,Kingsmead,2,bat,0,1,0,by wickets,7,4,161,478,516,Durban,South Africa
392197,39928,8,7,2,Kingsmead,8,bat,0,1,0,by runs,12,8,131,482,490,Durban,South Africa
392199,39929,2,6,2,St George's Park,2,bat,0,1,0,by wickets,6,6,135,483,480,Port Elizabeth,South Africa
392200,39929,4,5,2,Newlands,4,bat,0,1,0,by runs,27,4,26,481,486,Cape Town,South Africa
392201,39930,3,8,2,Kingsmead,8,field,0,1,0,by wickets,6,8,97,475,516,Durban,South Africa
392202,39930,1,7,2,St George's Park,7,bat,0,1,0,by runs,92,7,133,480,513,Port Elizabeth,South Africa
392203,39931,6,5,2,SuperSport Park,6,bat,0,1,0,by wickets,5,5,31,484,477,Centurion,South Africa
392204,39932,2,1,2,Kingsmead,1,bat,0,1,0,by wickets,5,2,11,471,516,Durban,South Africa
392205,39932,4,7,2,Kingsmead,4,bat,0,1,0,by runs,3,4,26,471,487,Durban,South Africa
392206,39933,8,6,2,SuperSport Park,6,field,0,1,0,by wickets,6,6,223,484,492,Centurion,South Africa
392207,39933,3,5,2,SuperSport Park,5,field,0,1,0,by runs,38,3,21,484,477,Centurion,South Africa
392208,39934,1,7,2,Buffalo Park,7,bat,0,1,0,by runs,9,7,154,481,488,East London,South Africa
392209,39934,2,4,2,Kingsmead,2,bat,0,1,0,by runs,8,2,27,482,489,Durban,South Africa
392210,39935,8,5,2,St George's Park,8,bat,0,1,0,by wickets,3,5,31,483,480,Port Elizabeth,South Africa
392211,39935,3,6,2,New Wanderers Stadium,6,field,0,1,0,by runs,18,3,186,476,477,Johannesburg,South Africa
392212,39936,4,1,2,St George's Park,1,bat,0,1,0,by wickets,6,4,64,483,471,Port Elizabeth,South Africa
392213,39936,2,7,2,New Wanderers Stadium,7,bat,0,1,0,by wickets,9,2,9,477,516,Johannesburg,South Africa
392214,39937,3,8,2,Buffalo Park,3,bat,0,1,0,by runs,78,3,20,478,481,East London,South Africa
392215,39938,4,5,2,Kingsmead,4,field,0,1,0,by runs,78,5,74,485,475,Durban,South Africa
392216,39938,6,1,2,Kingsmead,1,bat,0,1,0,by wickets,9,6,40,484,475,Durban,South Africa
392217,39939,8,7,2,SuperSport Park,8,bat,0,1,0,by runs,19,8,57,471,482,Centurion,South Africa
392218,39940,2,5,2,SuperSport Park,5,field,0,1,0,by wickets,7,5,196,486,476,Centurion,South Africa
392219,39940,3,4,2,SuperSport Park,3,bat,0,1,1,by runs,12,3,18,476,516,Centurion,South Africa
392220,39941,6,7,2,Buffalo Park,7,bat,0,1,0,by wickets,7,6,73,481,488,East London,South Africa
392221,39942,8,4,2,De Beers Diamond Oval,4,field,0,1,0,by wickets,3,4,64,484,492,Kimberley,South Africa
392222,39942,3,5,2,De Beers Diamond Oval,5,bat,0,1,0,by wickets,7,3,23,484,482,Kimberley,South Africa
392223,39943,2,7,2,St George's Park,7,bat,0,1,0,by runs,16,7,154,478,480,Port Elizabeth,South Africa
392224,39943,6,1,2,New Wanderers Stadium,6,field,0,1,0,by wickets,7,6,136,487,513,Johannesburg,South Africa
392225,39944,8,5,2,De Beers Diamond Oval,8,bat,0,1,0,by runs,53,8,147,484,482,Kimberley,South Africa
392226,39945,2,1,2,SuperSport Park,2,field,0,1,0,by wickets,6,2,52,481,485,Centurion,South Africa
392227,39945,4,7,2,SuperSport Park,4,bat,0,1,0,by wickets,8,7,50,485,477,Centurion,South Africa
392228,39946,8,6,2,Kingsmead,8,field,0,1,0,by runs,12,6,89,476,487,Durban,South Africa
392229,39947,2,3,2,Kingsmead,3,bat,0,1,0,by wickets,2,2,52,478,476,Durban,South Africa
392230,39947,7,5,2,Kingsmead,5,bat,0,1,0,by runs,2,5,38,478,476,Durban,South Africa
392231,39948,6,4,2,OUTsurance Oval,4,field,0,1,0,by wickets,6,4,66,482,475,Bloemfontein,South Africa
392232,39949,3,7,2,St George's Park,7,bat,0,1,0,by wickets,7,3,18,488,490,Port Elizabeth,South Africa
392233,39949,8,1,2,New Wanderers Stadium,8,field,0,1,0,by wickets,6,8,57,477,489,Johannesburg,South Africa
392234,39950,8,4,2,New Wanderers Stadium,8,field,0,1,0,by runs,1,4,27,489,513,Johannesburg,South Africa
392235,39950,6,5,2,OUTsurance Oval,6,bat,0,1,0,by runs,14,6,110,485,475,Bloemfontein,South Africa
392236,39951,3,1,2,SuperSport Park,3,bat,0,1,0,by wickets,7,1,104,490,513,Centurion,South Africa
392237,39952,2,6,2,New Wanderers Stadium,6,bat,0,1,0,by wickets,7,2,9,475,513,Johannesburg,South Africa
392238,39953,1,5,2,Kingsmead,1,field,0,1,0,by wickets,4,1,63,480,490,Durban,South Africa
392239,39953,3,4,2,Kingsmead,3,bat,0,1,0,by runs,24,3,121,480,490,Durban,South Africa
392240,39954,6,7,2,SuperSport Park,6,field,0,1,0,by wickets,4,6,41,475,489,Centurion,South Africa
392241,39954,2,8,2,SuperSport Park,2,bat,0,1,0,by runs,12,2,96,475,489,Centurion,South Africa
392242,39955,6,8,2,SuperSport Park,8,field,0,1,0,by wickets,6,8,53,478,476,Centurion,South Africa
392243,39956,2,3,2,New Wanderers Stadium,2,field,0,1,0,by wickets,6,2,96,477,490,Johannesburg,South Africa
392244,39957,2,8,2,New Wanderers Stadium,2,field,0,1,0,by runs,6,8,124,477,490,Johannesburg,South Africa
419111,40249,8,1,3,Dr DY Patil Sports Academy,8,field,0,1,0,by runs,11,1,191,477,513,Mumbai,India
419112,40250,7,5,3,Brabourne Stadium,7,bat,0,1,0,by runs,4,7,31,477,513,Mumbai,India
419113,40250,4,6,3,"Punjab Cricket Association Stadium, Mohali",6,field,0,1,0,by wickets,5,6,40,478,489,Chandigarh,India
419114,40251,1,2,3,Eden Gardens,1,field,0,1,0,by wickets,7,1,87,482,492,Kolkata,India
419115,40251,3,8,3,"MA Chidambaram Stadium, Chepauk",8,bat,0,1,0,by runs,31,8,60,486,476,Chennai,India
419116,40252,5,6,3,"Sardar Patel Stadium, Motera",6,field,0,1,0,by wickets,6,6,41,480,477,Ahmedabad,India
419117,40253,2,4,3,M Chinnaswamy Stadium,4,bat,0,1,0,by wickets,8,2,9,491,476,Bangalore,India
419118,40253,1,3,3,Eden Gardens,3,bat,0,1,0,by runs,55,3,20,482,492,Kolkata,India
419119,40254,6,7,3,Feroz Shah Kotla,6,field,0,1,0,by runs,98,7,133,478,488,Delhi,India
419120,40255,2,5,3,M Chinnaswamy Stadium,2,field,0,1,0,by wickets,10,2,9,486,476,Bangalore,India
419121,40256,6,3,3,Feroz Shah Kotla,6,bat,0,1,0,by wickets,5,3,18,478,488,Delhi,India
419122,40256,8,4,3,Barabati Stadium,4,field,0,1,0,by runs,6,8,56,474,481,Cuttack,India
419123,40257,5,1,3,"Sardar Patel Stadium, Motera",5,bat,0,1,0,by runs,34,5,211,477,513,Ahmedabad,India
419124,40257,7,2,3,Brabourne Stadium,7,bat,0,1,0,by wickets,7,2,9,482,485,Mumbai,India
419125,40258,8,6,3,Barabati Stadium,8,bat,0,1,0,by runs,10,8,56,474,481,Cuttack,India
419126,40258,3,4,3,"MA Chidambaram Stadium, Chepauk",3,field,1,1,0,Tie,NULL,4,233,486,476,Chennai,India
419127,40259,7,1,3,Brabourne Stadium,1,bat,0,1,0,by wickets,7,7,133,485,490,Mumbai,India
419128,40260,2,3,3,M Chinnaswamy Stadium,3,field,0,1,0,by runs,36,2,46,477,513,Bangalore,India
419129,40261,4,5,3,"Punjab Cricket Association Stadium, Mohali",4,field,0,1,0,by runs,31,5,230,478,488,Chandigarh,India
419130,40262,7,3,3,Brabourne Stadium,7,field,0,1,0,by wickets,5,7,133,474,492,Mumbai,India
419131,40263,5,8,3,"Sardar Patel Stadium, Motera",8,bat,0,1,0,by wickets,8,5,31,482,490,Ahmedabad,India
419132,40264,4,1,3,"Punjab Cricket Association Stadium, Mohali",1,bat,0,1,0,by runs,39,1,87,478,489,Chandigarh,India
419133,40262,2,6,3,M Chinnaswamy Stadium,2,field,0,1,0,by runs,17,6,237,480,477,Bangalore,India
419134,40265,5,3,3,"Sardar Patel Stadium, Motera",5,bat,0,1,0,by runs,17,5,183,485,490,Ahmedabad,India
419135,40265,8,7,3,Dr DY Patil Sports Academy,8,field,0,1,0,by runs,41,7,50,491,486,Mumbai,India
419136,40266,6,1,3,Feroz Shah Kotla,6,bat,0,1,0,by runs,40,6,187,485,490,Delhi,India
419137,40267,7,4,3,Brabourne Stadium,7,field,0,1,0,by wickets,4,7,194,478,488,Mumbai,India
419138,40268,3,2,3,"MA Chidambaram Stadium, Chepauk",2,bat,0,1,0,by wickets,5,3,185,480,477,Chennai,India
419139,40268,6,5,3,Feroz Shah Kotla,6,bat,0,1,0,by runs,67,6,88,482,490,Delhi,India
419140,40269,1,8,3,Eden Gardens,1,bat,0,1,0,by runs,24,1,1,486,476,Kolkata,India
419141,40270,4,2,3,"Punjab Cricket Association Stadium, Mohali",4,bat,0,1,0,by wickets,6,2,158,474,481,Chandigarh,India
419142,40271,3,5,3,"MA Chidambaram Stadium, Chepauk",3,bat,0,1,0,by runs,23,3,185,477,513,Chennai,India
419143,40271,7,8,3,Brabourne Stadium,7,bat,0,1,0,by runs,63,7,208,478,489,Mumbai,India
419144,40272,1,4,3,Eden Gardens,1,bat,0,1,0,by wickets,8,4,64,483,476,Kolkata,India
419145,40272,6,2,3,Feroz Shah Kotla,6,bat,0,1,0,by runs,37,6,241,474,481,Delhi,India
419146,40273,8,5,3,"Vidarbha Cricket Association Stadium, Jamtha",5,bat,0,1,0,by runs,2,5,38,482,490,Nagpur,India
419147,40274,3,7,3,"MA Chidambaram Stadium, Chepauk",3,bat,0,1,0,by runs,24,3,21,483,476,Chennai,India
419148,40275,5,4,3,Sawai Mansingh Stadium,4,bat,0,1,0,by wickets,9,5,224,489,488,Jaipur,India
419149,40275,1,6,3,Eden Gardens,1,bat,0,1,0,by runs,14,1,1,480,477,Kolkata,India
419150,40276,2,8,3,M Chinnaswamy Stadium,8,field,0,1,0,by wickets,7,8,178,483,476,Bangalore,India
419151,40277,4,7,3,"Punjab Cricket Association Stadium, Mohali",7,bat,0,1,0,by wickets,6,4,26,481,492,Chandigarh,India
419152,40278,8,3,3,"Vidarbha Cricket Association Stadium, Jamtha",3,bat,0,1,0,by wickets,6,8,188,482,490,Nagpur,India
419153,40278,2,1,3,M Chinnaswamy Stadium,2,field,0,1,0,by wickets,7,2,81,486,476,Bangalore,India
419154,40279,6,4,3,Feroz Shah Kotla,6,bat,0,1,0,by wickets,7,4,67,474,492,Delhi,India
419155,40279,5,7,3,Sawai Mansingh Stadium,5,field,0,1,0,by runs,37,7,133,478,488,Jaipur,India
419156,40280,8,2,3,"Vidarbha Cricket Association Stadium, Jamtha",2,field,0,1,0,by runs,13,8,256,477,513,Nagpur,India
419157,40281,7,6,3,Brabourne Stadium,7,bat,0,1,0,by runs,39,7,221,483,476,Mumbai,India
419158,40281,3,1,3,"MA Chidambaram Stadium, Chepauk",1,bat,0,1,0,by wickets,9,3,201,485,490,Chennai,India
419159,40282,5,2,3,Sawai Mansingh Stadium,5,bat,0,1,0,by wickets,5,2,158,478,489,Jaipur,India
419160,40283,3,6,3,"MA Chidambaram Stadium, Chepauk",3,bat,0,1,0,by wickets,6,6,40,482,485,Chennai,India
419161,40284,4,8,3,Himachal Pradesh Cricket Association Stadium,8,field,0,1,0,by wickets,5,8,57,481,492,Dharamsala,India
419162,40285,2,7,3,M Chinnaswamy Stadium,2,field,0,1,0,by runs,57,7,210,482,490,Bangalore,India
419163,40285,1,5,3,Eden Gardens,5,bat,0,1,0,by wickets,8,1,346,480,513,Kolkata,India
419164,40286,4,3,3,Himachal Pradesh Cricket Association Stadium,3,field,0,1,0,by wickets,6,3,20,474,492,Dharamsala,India
419165,40286,6,8,3,Feroz Shah Kotla,8,bat,0,1,0,by runs,11,8,56,478,488,Delhi,India
419166,40287,1,7,3,Eden Gardens,7,bat,0,1,0,by wickets,9,1,83,480,477,Kolkata,India
419167,40289,2,7,3,Dr DY Patil Sports Academy,7,bat,0,1,0,by runs,35,7,221,478,513,Mumbai,India
419168,40290,3,8,3,Dr DY Patil Sports Academy,3,bat,0,1,0,by runs,38,3,248,478,513,Mumbai,India
419169,40292,2,8,3,Dr DY Patil Sports Academy,8,bat,0,1,0,by wickets,9,2,124,477,490,Mumbai,India
419170,40293,3,7,3,Dr DY Patil Sports Academy,3,bat,0,1,0,by runs,22,3,21,477,490,Mumbai,India
501203,40641,3,1,4,"MA Chidambaram Stadium, Chepauk",3,bat,0,1,0,by runs,2,3,125,478,493,Chennai,India
501204,40642,8,5,4,"Rajiv Gandhi International Stadium, Uppal",5,field,0,1,0,by wickets,8,5,39,477,488,Hyderabad,India
501205,40642,9,2,4,Nehru Stadium,9,bat,0,1,0,by wickets,6,2,110,482,486,Kochi,India
501206,40643,6,7,4,Feroz Shah Kotla,6,bat,0,1,0,by wickets,8,7,194,492,513,Delhi,India
501207,40643,10,4,4,Dr DY Patil Sports Academy,4,bat,0,1,0,by wickets,7,10,273,478,493,Mumbai,India
501208,40644,1,8,4,Eden Gardens,1,bat,0,1,0,by runs,9,1,9,477,488,Kolkata,India
501209,40645,5,6,4,Sawai Mansingh Stadium,6,bat,0,1,0,by wickets,6,5,38,472,513,Jaipur,India
501210,40645,2,7,4,M Chinnaswamy Stadium,7,field,0,1,0,by wickets,9,7,133,482,517,Bangalore,India
501211,40646,4,3,4,"Punjab Cricket Association Stadium, Mohali",4,field,0,1,0,by wickets,6,4,167,470,487,Chandigarh,India
501212,40646,10,9,4,Dr DY Patil Sports Academy,9,bat,0,1,0,by wickets,4,10,231,483,493,Mumbai,India
501213,40647,8,2,4,"Rajiv Gandhi International Stadium, Uppal",2,field,0,1,0,by runs,33,8,94,477,489,Hyderabad,India
501214,40648,5,1,4,Sawai Mansingh Stadium,1,field,0,1,0,by wickets,9,1,40,472,485,Jaipur,India
501215,40648,7,9,4,Wankhede Stadium,9,field,0,1,0,by wickets,8,9,2,478,493,Mumbai,India
501216,40649,3,2,4,"MA Chidambaram Stadium, Chepauk",3,bat,0,1,0,by runs,21,3,19,482,517,Chennai,India
501217,40649,8,4,4,"Rajiv Gandhi International Stadium, Uppal",4,field,0,1,0,by wickets,8,4,167,477,489,Hyderabad,India
501218,40650,10,6,4,Dr DY Patil Sports Academy,6,field,0,1,0,by wickets,3,6,27,470,492,Mumbai,India
501219,40650,1,5,4,Eden Gardens,1,field,0,1,0,by wickets,8,1,151,472,513,Kolkata,India
501220,40651,9,3,4,Nehru Stadium,9,field,0,1,1,by wickets,7,9,2,486,517,Kochi,India
501221,40652,6,8,4,Feroz Shah Kotla,8,bat,0,1,0,by runs,16,8,65,493,518,Delhi,India
501223,40653,7,10,4,Wankhede Stadium,10,bat,0,1,0,by wickets,7,7,126,470,492,Mumbai,India
501224,40653,1,9,4,Eden Gardens,1,field,0,1,0,by runs,6,9,64,472,513,Kolkata,India
501225,40654,4,5,4,"Punjab Cricket Association Stadium, Mohali",5,field,0,1,0,by runs,48,4,100,483,493,Chandigarh,India
501226,40655,7,3,4,Wankhede Stadium,3,field,0,1,0,by runs,8,7,50,470,492,Mumbai,India
501227,40655,1,2,4,Eden Gardens,2,field,0,1,0,by wickets,9,2,162,485,513,Kolkata,India
501228,40656,6,4,4,Feroz Shah Kotla,4,field,0,1,0,by runs,29,6,187,483,477,Delhi,India
501229,40657,8,7,4,"Rajiv Gandhi International Stadium, Uppal",8,field,0,1,0,by runs,37,7,194,482,517,Hyderabad,India
501230,40657,5,9,4,Sawai Mansingh Stadium,5,field,0,1,0,by wickets,8,5,38,478,488,Jaipur,India
501231,40658,3,10,4,"MA Chidambaram Stadium, Chepauk",10,field,0,1,0,by runs,25,3,19,472,513,Chennai,India
501232,40659,6,2,4,Feroz Shah Kotla,2,field,0,1,0,by wickets,3,2,8,483,518,Delhi,India
501233,40660,10,3,4,Dr DY Patil Sports Academy,10,bat,0,1,0,by wickets,8,3,248,470,487,Mumbai,India
501234,40660,9,8,4,Nehru Stadium,9,field,0,1,0,by runs,55,8,84,482,517,Kochi,India
501235,40661,6,1,4,Feroz Shah Kotla,6,field,0,1,0,by runs,17,1,87,493,518,Delhi,India
501236,40662,5,7,4,Sawai Mansingh Stadium,5,field,0,1,0,by wickets,7,5,192,470,488,Jaipur,India
501237,40662,2,10,4,M Chinnaswamy Stadium,10,field,0,1,0,by runs,26,2,8,472,485,Bangalore,India
501238,40663,9,6,4,Nehru Stadium,6,bat,0,1,0,by runs,38,6,41,482,517,Kochi,India
501239,40663,1,4,4,Eden Gardens,1,field,0,1,0,by wickets,8,1,140,492,487,Kolkata,India
501240,40664,5,10,4,Sawai Mansingh Stadium,5,field,0,1,0,by wickets,6,5,52,488,490,Jaipur,India
501241,40664,3,8,4,"MA Chidambaram Stadium, Chepauk",3,bat,0,1,0,by runs,19,3,109,472,513,Chennai,India
501242,40665,7,4,4,Wankhede Stadium,4,field,0,1,0,by runs,23,7,221,482,493,Mumbai,India
501243,40665,6,9,4,Feroz Shah Kotla,9,field,0,1,0,by wickets,7,9,294,470,487,Delhi,India
501244,40666,8,1,4,"Rajiv Gandhi International Stadium, Uppal",8,field,0,1,0,by runs,20,1,31,483,518,Hyderabad,India
501245,40667,3,5,4,"MA Chidambaram Stadium, Chepauk",5,bat,0,1,0,by wickets,8,3,19,485,513,Chennai,India
501246,40667,10,7,4,Dr DY Patil Sports Academy,10,field,0,1,0,by runs,21,7,235,482,490,Mumbai,India
501247,40668,9,1,4,Nehru Stadium,1,field,0,1,0,by runs,17,9,104,489,518,Kochi,India
501248,40668,8,6,4,"Rajiv Gandhi International Stadium, Uppal",6,field,0,1,0,by wickets,4,6,41,470,492,Hyderabad,India
501249,40669,2,4,4,M Chinnaswamy Stadium,4,field,0,1,0,by runs,85,2,162,472,513,Bangalore,India
501250,40670,1,3,4,Eden Gardens,3,bat,0,1,1,by runs,10,1,140,470,493,Kolkata,India
501251,40670,7,6,4,Wankhede Stadium,6,field,0,1,0,by runs,32,7,208,486,490,Mumbai,India
501252,40671,2,9,4,M Chinnaswamy Stadium,9,bat,0,1,0,by wickets,9,2,162,472,485,Bangalore,India
501253,40671,4,10,4,"Punjab Cricket Association Stadium, Mohali",4,bat,0,1,0,by wickets,5,10,235,488,518,Chandigarh,India
501254,40672,5,3,4,Sawai Mansingh Stadium,5,field,0,1,0,by runs,63,3,185,486,490,Jaipur,India
501255,40673,8,10,4,"Rajiv Gandhi International Stadium, Uppal",8,bat,0,1,0,by wickets,6,10,253,470,492,Hyderabad,India
501256,40673,4,7,4,"Punjab Cricket Association Stadium, Mohali",7,field,0,1,0,by runs,76,4,302,488,518,Chandigarh,India
501257,40674,5,2,4,Sawai Mansingh Stadium,2,field,0,1,0,by wickets,9,2,270,482,486,Jaipur,India
501258,40675,3,6,4,"MA Chidambaram Stadium, Chepauk",3,bat,0,1,0,by runs,18,3,20,492,487,Chennai,India
501259,40676,9,4,4,Holkar Cricket Stadium,4,field,0,1,0,by wickets,6,4,88,483,518,Indore,India
501260,40677,2,1,4,M Chinnaswamy Stadium,2,field,0,1,1,by wickets,4,2,162,477,513,Bangalore,India
501261,40677,7,8,4,Wankhede Stadium,8,bat,0,1,0,by runs,10,8,136,489,488,Mumbai,India
501262,40678,4,6,4,Himachal Pradesh Cricket Association Stadium,6,field,0,1,0,by runs,29,4,67,470,487,Dharamsala,India
501263,40678,9,5,4,Holkar Cricket Stadium,9,field,0,1,0,by wickets,8,9,104,493,518,Indore,India
501264,40679,10,8,4,Dr DY Patil Sports Academy,8,field,0,1,0,by wickets,6,8,136,489,488,Mumbai,India
501265,40680,4,2,4,Himachal Pradesh Cricket Association Stadium,4,bat,0,1,0,by runs,111,4,53,470,492,Dharamsala,India
501266,40681,3,9,4,"MA Chidambaram Stadium, Chepauk",3,bat,0,1,0,by runs,11,3,62,482,477,Chennai,India
501267,40682,10,1,4,Dr DY Patil Sports Academy,1,field,0,1,0,by wickets,7,1,31,489,490,Mumbai,India
501268,40683,7,5,4,Wankhede Stadium,7,bat,0,1,0,by wickets,10,5,32,477,493,Mumbai,India
501269,40684,4,8,4,Himachal Pradesh Cricket Association Stadium,4,field,0,1,0,by runs,82,8,42,470,492,Dharamsala,India
501270,40684,6,10,4,Feroz Shah Kotla,6,bat,0,0,0,No Result,NULL,,,485,518,Delhi,India
501271,40685,2,3,4,M Chinnaswamy Stadium,2,field,0,1,0,by wickets,8,2,162,486,477,Bangalore,India
501272,40685,1,7,4,Eden Gardens,7,field,0,1,0,by wickets,5,7,275,488,490,Kolkata,India
501273,40687,2,3,4,Wankhede Stadium,3,field,0,1,0,by wickets,6,3,21,470,490,Mumbai,India
501274,40688,7,1,4,Wankhede Stadium,7,field,0,1,0,by wickets,4,7,126,470,490,Mumbai,India
501275,40690,2,7,4,"MA Chidambaram Stadium, Chepauk",7,field,0,1,0,by runs,43,2,162,470,490,Chennai,India
501276,40691,3,2,4,"MA Chidambaram Stadium, Chepauk",3,bat,0,1,0,by runs,58,3,185,470,490,Chennai,India
548311,41003,3,7,5,"MA Chidambaram Stadium, Chepauk",7,field,0,1,0,by wickets,8,7,304,494,490,Chennai,India
548312,41004,1,6,5,Eden Gardens,6,field,0,1,0,by wickets,8,6,29,483,482,Kolkata,India
548313,41005,7,10,5,Wankhede Stadium,7,field,0,1,0,by runs,28,10,306,495,490,Mumbai,India
548314,41005,5,4,5,Sawai Mansingh Stadium,4,field,0,1,0,by runs,31,5,85,474,488,Jaipur,India
548315,41006,2,6,5,M Chinnaswamy Stadium,6,field,0,1,0,by runs,20,2,110,483,489,Bangalore,India
548316,41006,8,3,5,Dr. Y.S. Rajasekhara Reddy ACA-VDCA Cricket Stadium,8,field,0,1,0,by runs,74,3,35,494,482,Visakhapatnam,India
548317,41007,5,1,5,Sawai Mansingh Stadium,1,field,0,1,0,by runs,22,5,104,474,496,Jaipur,India
548318,41007,10,4,5,Subrata Roy Sahara Stadium,10,bat,0,1,0,by runs,22,10,307,491,490,Pune,India
548319,41008,8,7,5,Dr. Y.S. Rajasekhara Reddy ACA-VDCA Cricket Stadium,8,bat,0,1,0,by wickets,5,7,57,495,494,Visakhapatnam,India
548320,41009,2,1,5,M Chinnaswamy Stadium,2,field,0,1,0,by runs,42,1,151,489,518,Bangalore,India
548321,41009,6,3,5,Feroz Shah Kotla,6,field,0,1,0,by wickets,8,6,190,470,488,Delhi,India
548322,41010,7,5,5,Wankhede Stadium,5,field,0,1,0,by runs,27,7,221,472,497,Mumbai,India
548323,41011,3,2,5,"MA Chidambaram Stadium, Chepauk",2,bat,0,1,0,by wickets,5,3,303,482,518,Chennai,India
548324,41011,4,10,5,"Punjab Cricket Association Stadium, Mohali",4,field,0,1,0,by wickets,7,4,137,496,488,Chandigarh,India
548325,41012,1,5,5,Eden Gardens,5,bat,0,1,0,by wickets,5,1,276,470,483,Kolkata,India
548326,41018,6,8,5,Feroz Shah Kotla,8,bat,0,1,0,by wickets,5,6,158,474,488,Delhi,India
548327,41013,10,3,5,Subrata Roy Sahara Stadium,3,bat,0,1,0,by wickets,7,10,157,472,497,Pune,India
548328,41014,1,4,5,Eden Gardens,1,field,0,1,0,by runs,2,4,315,470,483,Kolkata,India
548329,41014,2,5,5,M Chinnaswamy Stadium,5,bat,0,1,0,by runs,59,5,85,494,518,Bangalore,India
548330,41015,7,6,5,Wankhede Stadium,6,field,0,1,0,by wickets,7,6,293,474,488,Mumbai,India
548331,41016,5,8,5,Sawai Mansingh Stadium,8,bat,0,1,0,by wickets,5,5,104,472,497,Jaipur,India
548332,41016,2,10,5,M Chinnaswamy Stadium,10,bat,0,1,0,by wickets,6,2,162,483,491,Bangalore,India
548333,41017,4,1,5,"Punjab Cricket Association Stadium, Mohali",4,bat,0,1,0,by wickets,8,1,40,494,518,Chandigarh,India
548334,41039,8,6,5,"Rajiv Gandhi International Stadium, Uppal",8,bat,0,1,0,by wickets,9,6,187,494,490,Hyderabad,India
548335,41018,3,10,5,"MA Chidambaram Stadium, Chepauk",10,field,0,1,0,by runs,13,3,324,470,491,Chennai,India
548336,41019,4,2,5,"Punjab Cricket Association Stadium, Mohali",2,field,0,1,0,by wickets,5,2,162,489,518,Chandigarh,India
548337,41020,3,5,5,"MA Chidambaram Stadium, Chepauk",5,bat,0,1,0,by wickets,7,3,303,472,497,Chennai,India
548338,41020,6,10,5,Feroz Shah Kotla,6,field,0,1,0,by runs,20,10,1,470,491,Delhi,India
548339,41021,7,4,5,Wankhede Stadium,7,bat,0,1,0,by wickets,6,4,100,489,518,Mumbai,India
548340,41021,8,1,5,Barabati Stadium,1,field,0,1,0,by wickets,5,1,66,474,488,Cuttack,India
548341,41022,5,2,5,Sawai Mansingh Stadium,5,field,0,1,0,by runs,46,2,110,470,483,Jaipur,India
548342,41023,10,6,5,Subrata Roy Sahara Stadium,10,bat,0,1,0,by wickets,8,6,41,489,518,Pune,India
548344,41024,4,7,5,"Punjab Cricket Association Stadium, Mohali",4,bat,0,1,0,by wickets,4,7,208,472,497,Chandigarh,India
548346,41025,10,8,5,Subrata Roy Sahara Stadium,8,bat,0,1,0,by runs,18,8,10,489,518,Pune,India
548347,41026,6,7,5,Feroz Shah Kotla,7,field,0,1,0,by runs,37,6,41,472,497,Delhi,India
548348,41027,3,4,5,"MA Chidambaram Stadium, Chepauk",4,bat,0,1,0,by runs,7,4,236,474,488,Chennai,India
548349,41027,1,2,5,Eden Gardens,1,bat,0,1,0,by runs,47,1,40,470,478,Kolkata,India
548350,41028,6,5,5,Feroz Shah Kotla,6,bat,0,1,0,by runs,1,6,41,489,518,Delhi,India
548351,41028,7,8,5,Wankhede Stadium,7,field,0,1,0,by wickets,5,7,94,495,497,Mumbai,India
548352,41029,3,1,5,"MA Chidambaram Stadium, Chepauk",3,bat,0,1,0,by wickets,5,1,40,474,499,Chennai,India
548353,41030,8,10,5,Barabati Stadium,8,bat,0,1,0,by runs,13,8,26,472,495,Cuttack,India
548354,41030,5,6,5,Sawai Mansingh Stadium,5,bat,0,1,0,by wickets,6,6,322,494,490,Jaipur,India
548355,41031,2,4,5,M Chinnaswamy Stadium,4,field,0,1,0,by wickets,4,4,321,474,499,Bangalore,India
548356,41032,10,7,5,Subrata Roy Sahara Stadium,7,bat,0,1,0,by runs,1,7,194,470,483,Pune,India
548357,41033,3,8,5,"MA Chidambaram Stadium, Chepauk",3,bat,0,1,0,by runs,10,3,21,482,497,Chennai,India
548358,41034,1,10,5,Eden Gardens,1,bat,0,1,0,by runs,7,1,315,474,488,Kolkata,India
548359,41034,4,5,5,"Punjab Cricket Association Stadium, Mohali",5,bat,0,1,0,by runs,43,5,32,494,490,Chandigarh,India
548360,41035,7,3,5,Wankhede Stadium,7,field,0,1,0,by wickets,2,7,147,470,483,Mumbai,India
548361,41035,2,8,5,M Chinnaswamy Stadium,2,field,0,1,0,by wickets,5,2,110,482,497,Bangalore,India
548362,41036,6,1,5,Feroz Shah Kotla,6,bat,0,1,0,by wickets,6,1,9,494,489,Delhi,India
548363,41037,10,5,5,Subrata Roy Sahara Stadium,10,bat,0,1,0,by wickets,7,5,32,470,478,Pune,India
548364,41037,8,4,5,"Rajiv Gandhi International Stadium, Uppal",8,field,0,1,0,by runs,25,4,236,482,497,Hyderabad,India
548365,41038,7,2,5,Wankhede Stadium,2,field,0,1,0,by wickets,9,2,162,474,496,Mumbai,India
548366,41039,5,3,5,Sawai Mansingh Stadium,3,field,0,1,0,by wickets,4,3,451,497,499,Jaipur,India
548367,41040,10,2,5,Subrata Roy Sahara Stadium,10,field,0,1,0,by runs,35,2,162,474,488,Pune,India
548368,41041,1,7,5,Eden Gardens,7,bat,0,1,0,by runs,27,7,57,489,490,Kolkata,India
548369,41041,3,6,5,"MA Chidambaram Stadium, Chepauk",3,field,0,1,0,by wickets,9,3,451,491,478,Chennai,India
548370,41042,5,10,5,Sawai Mansingh Stadium,5,bat,0,1,0,by runs,45,5,335,474,488,Jaipur,India
548371,41042,4,8,5,"Punjab Cricket Association Stadium, Mohali",8,bat,0,1,0,by wickets,4,4,4,482,497,Chandigarh,India
548372,41043,2,7,5,M Chinnaswamy Stadium,7,field,0,1,0,by wickets,5,7,208,491,478,Bangalore,India
548373,41043,1,3,5,Eden Gardens,3,field,0,1,0,by wickets,5,3,19,494,490,Kolkata,India
548374,41044,6,4,5,Feroz Shah Kotla,4,bat,0,1,0,by wickets,5,6,232,482,497,Delhi,India
548375,41045,7,1,5,Wankhede Stadium,7,field,0,1,0,by runs,32,1,315,491,478,Mumbai,India
548376,41046,4,3,5,Himachal Pradesh Cricket Association Stadium,4,field,0,1,0,by wickets,6,4,53,496,488,Dharamsala,India
548377,41046,6,2,5,Feroz Shah Kotla,6,field,0,1,0,by runs,21,2,162,482,499,Delhi,India
548378,41047,8,5,5,"Rajiv Gandhi International Stadium, Uppal",5,bat,0,1,0,by wickets,5,8,94,489,490,Hyderabad,India
548379,41048,4,6,5,Himachal Pradesh Cricket Association Stadium,6,field,0,1,0,by wickets,6,6,232,474,496,Dharamsala,India
548380,41048,10,1,5,Subrata Roy Sahara Stadium,1,bat,0,1,0,by runs,34,1,276,483,478,Pune,India
548381,41049,8,2,5,"Rajiv Gandhi International Stadium, Uppal",2,field,0,1,0,by runs,9,8,94,489,490,Hyderabad,India
548382,41049,5,7,5,Sawai Mansingh Stadium,5,bat,0,1,0,by wickets,10,7,147,482,499,Jaipur,India
548383,41051,6,1,5,Subrata Roy Sahara Stadium,1,bat,0,1,0,by runs,18,1,31,478,490,Pune,India
548384,41052,3,7,5,M Chinnaswamy Stadium,7,field,0,1,0,by runs,38,3,20,474,482,Bangalore,India
548385,41054,6,3,5,"MA Chidambaram Stadium, Chepauk",6,field,0,1,0,by runs,86,3,185,478,490,Chennai,India
548386,41056,1,3,5,"MA Chidambaram Stadium, Chepauk",3,bat,0,1,0,by wickets,5,1,214,474,490,Chennai,India
598003,41367,1,6,6,Eden Gardens,1,field,0,1,0,by wickets,6,1,315,489,490,Kolkata,India
598004,41368,2,7,6,M Chinnaswamy Stadium,7,field,0,1,0,by runs,2,2,162,496,499,Bangalore,India
598005,41369,11,10,6,"Rajiv Gandhi International Stadium, Uppal",10,field,0,1,0,by runs,22,11,136,489,490,Hyderabad,India
598006,41370,6,5,6,Feroz Shah Kotla,5,bat,0,1,0,by runs,5,5,6,491,499,Delhi,India
598007,41370,3,7,6,"MA Chidambaram Stadium, Chepauk",7,bat,0,1,0,by runs,9,7,221,481,496,Chennai,India
598008,41371,10,4,6,Subrata Roy Sahara Stadium,10,bat,0,1,0,by wickets,8,4,345,483,490,Pune,India
598009,41371,11,2,6,"Rajiv Gandhi International Stadium, Uppal",2,bat,1,1,0,Tie,NULL,11,340,495,489,Hyderabad,India
598010,41372,5,1,6,Sawai Mansingh Stadium,1,field,0,1,0,by runs,19,5,39,472,491,Jaipur,India
598011,41373,7,6,6,Wankhede Stadium,7,bat,0,1,0,by runs,44,7,88,481,496,Mumbai,India
598012,41374,4,3,6,"Punjab Cricket Association Stadium, Mohali",3,field,0,1,0,by wickets,10,3,19,472,499,Chandigarh,India
598013,41375,2,1,6,M Chinnaswamy Stadium,2,field,0,1,0,by wickets,8,2,162,470,495,Bangalore,India
598014,41375,10,5,6,Subrata Roy Sahara Stadium,5,bat,0,1,0,by wickets,7,10,254,481,503,Pune,India
598015,41376,6,11,6,Feroz Shah Kotla,6,bat,0,1,0,by wickets,3,11,136,472,519,Delhi,India
598016,41377,7,10,6,Wankhede Stadium,7,bat,0,1,0,by runs,41,7,57,489,490,Mumbai,India
598017,41377,3,2,6,"MA Chidambaram Stadium, Chepauk",3,field,0,1,0,by wickets,4,3,35,470,495,Chennai,India
598018,41378,1,11,6,Eden Gardens,1,bat,0,1,0,by runs,48,1,40,481,496,Kolkata,India
598019,41378,5,4,6,Sawai Mansingh Stadium,5,field,0,1,0,by wickets,6,5,310,472,499,Jaipur,India
598020,41379,3,10,6,"MA Chidambaram Stadium, Chepauk",10,bat,0,1,0,by runs,24,10,306,470,495,Chennai,India
598021,41380,4,1,6,"Punjab Cricket Association Stadium, Mohali",1,field,0,1,0,by runs,4,4,120,498,490,Chandigarh,India
598022,41380,2,6,6,M Chinnaswamy Stadium,2,field,1,1,0,Tie,NULL,2,8,481,496,Bangalore,India
598023,41381,10,11,6,Subrata Roy Sahara Stadium,10,field,0,1,0,by runs,11,11,136,470,495,Pune,India
598024,41381,5,7,6,Sawai Mansingh Stadium,5,bat,0,1,0,by runs,87,5,85,472,499,Jaipur,India
598025,41382,6,3,6,Feroz Shah Kotla,3,bat,0,1,0,by runs,86,3,19,481,496,Delhi,India
598026,41383,11,4,6,"Rajiv Gandhi International Stadium, Uppal",4,bat,0,1,0,by wickets,5,11,340,482,498,Hyderabad,India
598027,41384,1,3,6,Eden Gardens,1,bat,0,1,0,by wickets,4,3,35,470,495,Kolkata,India
598028,41384,2,5,6,M Chinnaswamy Stadium,2,field,0,1,0,by wickets,7,2,81,472,499,Bangalore,India
598029,41385,6,7,6,Feroz Shah Kotla,7,bat,0,1,0,by wickets,9,6,41,482,489,Delhi,India
598030,41385,4,10,6,"Punjab Cricket Association Stadium, Mohali",4,field,0,1,0,by wickets,7,4,320,481,503,Chandigarh,India
598031,41386,3,5,6,"MA Chidambaram Stadium, Chepauk",5,bat,0,1,0,by wickets,5,3,19,483,495,Chennai,India
598032,41387,2,10,6,M Chinnaswamy Stadium,10,field,0,1,0,by runs,130,2,162,472,499,Bangalore,India
598033,41410,4,6,6,Himachal Pradesh Cricket Association Stadium,6,field,0,1,0,by runs,7,4,320,482,489,Dharamsala,India
598034,41388,1,7,6,Eden Gardens,1,bat,0,1,0,by wickets,5,7,147,482,489,Kolkata,India
598035,41389,3,11,6,"MA Chidambaram Stadium, Chepauk",11,bat,0,1,0,by wickets,5,3,20,472,491,Chennai,India
598036,41390,1,4,6,Eden Gardens,4,bat,0,1,0,by wickets,6,1,9,498,489,Kolkata,India
598037,41391,5,11,6,Sawai Mansingh Stadium,11,bat,0,1,0,by wickets,8,5,310,496,503,Jaipur,India
598038,41391,7,2,6,Wankhede Stadium,7,bat,0,1,0,by runs,58,7,147,470,483,Mumbai,India
598039,41392,3,1,6,"MA Chidambaram Stadium, Chepauk",1,field,0,1,0,by runs,14,3,19,472,490,Chennai,India
598040,41392,6,10,6,Shaheed Veer Narayan Singh International Stadium,10,field,0,1,0,by runs,15,6,187,498,489,Raipur,India
598041,41393,5,2,6,Sawai Mansingh Stadium,5,field,0,1,0,by wickets,4,5,351,481,503,Jaipur,India
598042,41393,7,4,6,Wankhede Stadium,7,bat,0,1,0,by runs,4,7,57,470,495,Mumbai,India
598043,41394,10,3,6,Subrata Roy Sahara Stadium,3,bat,0,1,0,by runs,37,3,20,491,490,Pune,India
598044,41395,11,7,6,"Rajiv Gandhi International Stadium, Uppal",7,bat,0,1,0,by wickets,7,11,84,470,483,Hyderabad,India
598045,41395,6,1,6,Shaheed Veer Narayan Singh International Stadium,1,bat,0,1,0,by wickets,7,6,187,482,498,Raipur,India
598046,41396,3,4,6,"MA Chidambaram Stadium, Chepauk",3,bat,0,1,0,by runs,15,3,21,481,496,Chennai,India
598047,41396,10,2,6,Subrata Roy Sahara Stadium,2,bat,0,1,0,by runs,17,2,110,472,499,Pune,India
598048,41397,1,5,6,Eden Gardens,5,bat,0,1,0,by wickets,8,1,31,482,498,Kolkata,India
598049,41398,11,6,6,"Rajiv Gandhi International Stadium, Uppal",6,bat,0,1,0,by wickets,6,11,362,470,483,Hyderabad,India
598050,41408,2,4,6,M Chinnaswamy Stadium,4,field,0,1,0,by wickets,7,4,53,482,489,Bangalore,India
598051,41399,7,3,6,Wankhede Stadium,7,bat,0,1,0,by runs,60,7,357,482,498,Mumbai,India
598052,41399,5,10,6,Sawai Mansingh Stadium,10,bat,0,1,0,by wickets,5,5,85,499,518,Jaipur,India
598053,41373,2,11,6,M Chinnaswamy Stadium,11,bat,0,1,0,by wickets,7,2,8,489,490,Bangalore,India
598054,41401,5,6,6,Sawai Mansingh Stadium,6,bat,0,1,0,by wickets,9,5,85,472,518,Jaipur,India
598055,41401,7,1,6,Wankhede Stadium,7,bat,0,1,0,by runs,65,7,133,482,489,Mumbai,India
598056,41402,11,3,6,"Rajiv Gandhi International Stadium, Uppal",11,field,0,1,0,by runs,77,3,21,491,500,Hyderabad,India
598057,41403,4,5,6,"Punjab Cricket Association Stadium, Mohali",5,field,0,1,0,by wickets,8,5,309,482,489,Chandigarh,India
598058,41403,10,1,6,Subrata Roy Sahara Stadium,1,bat,0,1,0,by runs,46,1,40,470,483,Pune,India
598059,41404,6,2,6,Feroz Shah Kotla,6,field,0,1,0,by runs,4,2,346,500,503,Delhi,India
598060,41405,10,7,6,Subrata Roy Sahara Stadium,10,bat,0,1,0,by wickets,5,7,357,470,495,Pune,India
598061,41405,4,11,6,"Punjab Cricket Association Stadium, Mohali",4,field,0,1,0,by runs,30,11,17,491,518,Chandigarh,India
598062,41406,1,2,6,JSCA International Stadium Complex,1,field,0,1,0,by wickets,5,1,9,500,503,Ranchi,India
598063,41406,5,3,6,Sawai Mansingh Stadium,5,field,0,1,0,by wickets,5,5,32,482,498,Jaipur,India
598064,41387,6,4,6,Feroz Shah Kotla,4,field,0,1,0,by wickets,5,4,256,496,503,Delhi,India
598065,41407,7,11,6,Wankhede Stadium,11,bat,0,1,0,by wickets,7,7,221,495,490,Mumbai,India
598066,41409,1,10,6,JSCA International Stadium Complex,1,field,0,1,0,by runs,7,10,96,500,503,Ranchi,India
598067,41408,3,6,6,"MA Chidambaram Stadium, Chepauk",3,bat,0,1,0,by runs,33,3,20,499,518,Chennai,India
598068,41409,7,5,6,Wankhede Stadium,5,field,0,1,0,by runs,14,7,207,470,483,Mumbai,India
598069,41400,4,2,6,"Punjab Cricket Association Stadium, Mohali",4,field,0,1,0,by wickets,6,4,320,496,500,Chandigarh,India
598070,41411,11,5,6,"Rajiv Gandhi International Stadium, Uppal",11,bat,0,1,0,by runs,23,11,136,470,495,Hyderabad,India
598071,41412,4,7,6,Himachal Pradesh Cricket Association Stadium,7,field,0,1,0,by runs,50,4,321,482,498,Dharamsala,India
598072,41413,10,6,6,Subrata Roy Sahara Stadium,10,bat,0,1,0,by runs,38,10,358,500,490,Pune,India
598073,41412,2,3,6,M Chinnaswamy Stadium,3,field,0,1,0,by runs,24,2,8,499,518,Bangalore,India
598074,41413,11,1,6,"Rajiv Gandhi International Stadium, Uppal",1,bat,0,1,0,by wickets,5,11,17,470,483,Hyderabad,India
598075,41415,3,7,6,Feroz Shah Kotla,3,bat,0,1,0,by runs,48,3,19,500,518,Delhi,India
598076,41416,5,11,6,Feroz Shah Kotla,11,bat,0,1,0,by wickets,4,5,104,489,518,Delhi,India
598077,41418,7,5,6,Eden Gardens,5,bat,0,1,0,by wickets,4,7,50,499,490,Kolkata,India
598078,41420,3,7,6,Eden Gardens,7,bat,0,1,0,by runs,23,7,221,482,490,Kolkata,India
729284,41745,7,1,7,Sheikh Zayed Stadium,1,bat,0,1,0,by runs,41,1,9,481,501,Abu Dhabi,U.A.E
729286,41746,6,2,7,Sharjah Cricket Stadium,2,field,0,1,0,by wickets,8,2,382,472,489,Abu Dhabi,U.A.E
729288,41747,3,4,7,Sheikh Zayed Stadium,3,bat,0,1,0,by wickets,6,4,305,501,499,Abu Dhabi,U.A.E
729290,41747,11,5,7,Sheikh Zayed Stadium,5,field,0,1,0,by wickets,4,5,85,474,501,Abu Dhabi,U.A.E
729292,41748,2,7,7,Dubai International Cricket Stadium,2,field,0,1,0,by wickets,7,2,17,472,495,Abu Dhabi,U.A.E
729294,41748,1,6,7,Dubai International Cricket Stadium,1,bat,0,1,0,by wickets,4,6,154,472,496,Abu Dhabi,U.A.E
729296,41749,5,4,7,Sharjah Cricket Stadium,4,field,0,1,0,by wickets,7,4,305,474,481,Abu Dhabi,U.A.E
729298,41750,3,6,7,Sheikh Zayed Stadium,3,bat,0,1,0,by runs,93,3,21,501,499,Abu Dhabi,U.A.E
729300,41751,4,11,7,Sharjah Cricket Stadium,11,field,0,1,0,by runs,72,4,305,481,489,Abu Dhabi,U.A.E
729302,41752,5,3,7,Dubai International Cricket Stadium,5,field,0,1,0,by runs,7,3,35,482,501,Abu Dhabi,U.A.E
729304,41753,2,1,7,Sharjah Cricket Stadium,2,field,0,1,0,by runs,2,1,336,472,496,Abu Dhabi,U.A.E
729306,41754,11,6,7,Dubai International Cricket Stadium,11,bat,0,1,0,by runs,4,11,254,481,489,Abu Dhabi,U.A.E
729308,41754,3,7,7,Dubai International Cricket Stadium,7,bat,0,1,0,by wickets,7,3,364,474,481,Abu Dhabi,U.A.E
729310,41755,5,2,7,Sheikh Zayed Stadium,5,field,0,1,0,by wickets,6,5,370,482,499,Abu Dhabi,U.A.E
729312,41755,1,4,7,Sheikh Zayed Stadium,1,field,0,1,0,by runs,23,4,367,482,501,Abu Dhabi,U.A.E
729314,41756,6,7,7,Sharjah Cricket Stadium,7,bat,0,1,0,by wickets,6,6,185,472,496,Abu Dhabi,U.A.E
729316,41756,11,3,7,Sharjah Cricket Stadium,11,bat,0,1,0,by wickets,5,3,147,495,496,Abu Dhabi,U.A.E
729318,41757,4,2,7,Dubai International Cricket Stadium,4,field,0,1,0,by wickets,5,4,367,474,489,Abu Dhabi,U.A.E
729320,41758,1,5,7,Sheikh Zayed Stadium,5,bat,1,1,0,Tie,NULL,5,310,472,495,Abu Dhabi,U.A.E
729322,41759,7,11,7,Dubai International Cricket Stadium,7,field,0,1,0,by runs,15,11,299,482,481,Abu Dhabi,U.A.E
733976,41761,3,1,7,JSCA International Stadium Complex,3,bat,0,1,0,by runs,34,3,35,495,500,Ranchi,India
733978,41762,7,4,7,Wankhede Stadium,4,bat,0,1,0,by wickets,5,7,372,497,499,Mumbai,India
733980,41762,6,5,7,Feroz Shah Kotla,5,field,0,1,0,by wickets,7,5,339,485,489,Delhi,India
733982,41763,2,11,7,M Chinnaswamy Stadium,2,field,0,1,0,by wickets,4,2,110,482,496,Bangalore,India
733984,41764,5,1,7,"Sardar Patel Stadium, Motera",1,field,0,1,0,by runs,10,5,370,500,498,Ahmedabad,India
733986,41764,6,3,7,Feroz Shah Kotla,3,field,0,1,0,by wickets,8,3,147,502,497,Delhi,India
733988,41765,7,2,7,Wankhede Stadium,2,field,0,1,0,by runs,19,7,57,489,503,Mumbai,India
733990,41766,6,1,7,Feroz Shah Kotla,6,bat,0,1,0,by wickets,8,1,40,497,499,Delhi,India
733992,41766,4,3,7,Barabati Stadium,3,field,0,1,0,by runs,44,4,305,482,506,Cuttack,India
733994,41767,5,11,7,"Sardar Patel Stadium, Motera",5,field,0,1,0,by runs,32,11,299,495,500,Ahmedabad,India
733996,41768,2,4,7,M Chinnaswamy Stadium,2,field,0,1,0,by runs,32,4,367,489,503,Bangalore,India
733998,41769,6,11,7,Feroz Shah Kotla,11,field,0,1,1,by wickets,8,11,94,502,497,Delhi,India
734000,41769,7,3,7,Wankhede Stadium,3,field,0,1,0,by wickets,4,3,147,482,496,Mumbai,India
734002,41770,4,1,7,Barabati Stadium,1,field,0,1,0,by wickets,9,1,40,500,498,Cuttack,India
734004,41770,2,5,7,M Chinnaswamy Stadium,2,bat,0,1,0,by wickets,5,5,310,489,518,Bangalore,India
734006,41771,11,7,7,"Rajiv Gandhi International Stadium, Uppal",11,bat,0,1,0,by wickets,7,7,208,482,496,Hyderabad,India
734008,41772,3,5,7,JSCA International Stadium Complex,5,bat,0,1,0,by wickets,5,3,35,497,499,Ranchi,India
734010,41772,2,6,7,M Chinnaswamy Stadium,6,field,0,1,0,by runs,16,2,27,503,518,Bangalore,India
734012,41773,11,4,7,"Rajiv Gandhi International Stadium, Uppal",4,field,0,1,0,by wickets,6,4,62,496,506,Hyderabad,India
734014,41773,1,7,7,Barabati Stadium,1,field,0,1,0,by wickets,6,1,46,495,500,Cuttack,India
734016,41774,5,6,7,"Sardar Patel Stadium, Motera",6,field,0,1,0,by runs,62,5,85,489,518,Ahmedabad,India
734018,41777,3,2,7,JSCA International Stadium Complex,3,bat,0,1,0,by wickets,5,2,110,497,499,Ranchi,India
734020,41777,11,1,7,"Rajiv Gandhi International Stadium, Uppal",11,bat,0,1,0,by wickets,7,1,232,500,498,Hyderabad,India
734022,41778,5,7,7,"Sardar Patel Stadium, Motera",7,bat,0,1,0,by runs,25,7,19,489,518,Ahmedabad,India
734024,41778,6,4,7,Feroz Shah Kotla,4,field,0,1,0,by wickets,4,4,374,482,506,Delhi,India
734026,41779,11,2,7,"Rajiv Gandhi International Stadium, Uppal",2,bat,0,1,0,by wickets,7,11,187,495,500,Hyderabad,India
734028,41779,1,3,7,Eden Gardens,1,field,0,1,0,by wickets,8,1,46,502,499,Kolkata,India
734030,41780,4,7,7,"Punjab Cricket Association Stadium, Mohali",7,field,0,1,0,by wickets,7,7,383,482,496,Chandigarh,India
734032,41781,1,2,7,Eden Gardens,2,field,0,1,0,by runs,30,1,46,495,498,Kolkata,India
734034,41781,3,11,7,JSCA International Stadium Complex,11,field,0,1,0,by wickets,6,11,187,497,499,Ranchi,India
734036,41782,7,6,7,Wankhede Stadium,6,field,0,1,0,by runs,15,7,19,489,518,Mumbai,India
734038,41782,4,5,7,"Punjab Cricket Association Stadium, Mohali",5,field,0,1,0,by runs,16,4,100,482,506,Chandigarh,India
734040,41783,2,3,7,M Chinnaswamy Stadium,3,field,0,1,0,by wickets,8,3,20,495,500,Bangalore,India
734042,41783,1,11,7,Eden Gardens,1,field,0,1,0,by wickets,4,1,31,502,497,Kolkata,India
734044,41784,4,6,7,"Punjab Cricket Association Stadium, Mohali",4,field,0,1,0,by wickets,7,4,345,482,496,Chandigarh,India
734046,41784,7,5,7,Wankhede Stadium,7,field,0,1,0,by wickets,5,7,372,503,518,Mumbai,India
734048,41786,4,1,7,Eden Gardens,4,field,0,1,0,by runs,28,1,232,500,489,Kolkata,India
734050,41787,3,7,7,Brabourne Stadium,3,field,0,1,0,by wickets,7,3,21,496,497,Mumbai,India
734052,41789,3,4,7,Wankhede Stadium,3,field,0,1,0,by runs,24,4,41,482,518,Mumbai,India
734054,41791,1,4,7,M Chinnaswamy Stadium,1,field,0,1,0,by wickets,3,1,96,482,497,Bangalore,India
829710,42102,1,7,8,Eden Gardens,1,field,0,1,0,by wickets,7,1,190,489,499,Kolkata,India
829712,42103,3,6,8,"MA Chidambaram Stadium, Chepauk",6,field,0,1,0,by runs,1,3,73,501,496,Chennai,India
829714,42104,4,5,8,Maharashtra Cricket Association Stadium,4,field,0,1,0,by runs,26,5,310,504,505,Pune,India
829716,42105,3,11,8,"MA Chidambaram Stadium, Chepauk",3,bat,0,1,0,by runs,45,3,2,501,496,Chennai,India
829718,42105,1,2,8,Eden Gardens,2,field,0,1,0,by wickets,3,2,162,489,499,Kolkata,India
829720,42106,6,5,8,Feroz Shah Kotla,5,field,0,1,0,by wickets,3,5,394,504,505,Delhi,India
829722,42106,7,4,8,Wankhede Stadium,7,field,0,1,0,by runs,18,4,197,495,520,Mumbai,India
829724,42107,2,11,8,M Chinnaswamy Stadium,11,field,0,1,0,by wickets,8,11,187,502,501,Bangalore,India
829726,42108,5,7,8,"Sardar Patel Stadium, Motera",7,bat,0,1,0,by wickets,7,5,306,495,504,Ahmedabad,India
829728,42124,1,3,8,Eden Gardens,1,field,0,1,0,by wickets,7,1,334,495,481,Kolkata,India
829730,42109,4,6,8,Maharashtra Cricket Association Stadium,4,bat,0,1,0,by wickets,5,6,260,505,503,Pune,India
829732,42110,11,5,8,Dr. Y.S. Rajasekhara Reddy ACA-VDCA Cricket Stadium,5,field,0,1,0,by wickets,6,5,85,506,489,Visakhapatnam,India
829734,42111,7,3,8,Wankhede Stadium,7,bat,0,1,0,by wickets,6,3,73,495,481,Mumbai,India
829736,42112,11,6,8,Dr. Y.S. Rajasekhara Reddy ACA-VDCA Cricket Stadium,6,bat,0,1,0,by runs,4,6,154,506,489,Visakhapatnam,India
829738,42112,4,1,8,Maharashtra Cricket Association Stadium,1,field,0,1,0,by wickets,4,1,334,504,498,Pune,India
829740,42113,5,3,8,"Sardar Patel Stadium, Motera",3,bat,0,1,0,by wickets,8,5,85,495,481,Ahmedabad,India
829742,42113,2,7,8,M Chinnaswamy Stadium,2,field,0,1,0,by runs,18,7,50,501,496,Bangalore,India
829744,42114,6,1,8,Feroz Shah Kotla,1,field,0,1,0,by wickets,6,1,232,504,505,Delhi,India
829746,42115,5,4,8,"Sardar Patel Stadium, Motera",4,field,1,1,0,Tie,NULL,4,100,481,489,Ahmedabad,India
829748,42116,11,1,8,Dr. Y.S. Rajasekhara Reddy ACA-VDCA Cricket Stadium,1,field,0,1,1,by runs,16,11,187,501,496,Visakhapatnam,India
829750,42116,2,3,8,M Chinnaswamy Stadium,2,field,0,1,0,by runs,27,3,21,494,499,Bangalore,India
829752,42117,6,7,8,Feroz Shah Kotla,7,field,0,1,0,by runs,37,6,393,504,498,Delhi,India
829754,42118,5,2,8,"Sardar Patel Stadium, Motera",2,field,0,1,0,by wickets,9,2,378,481,489,Ahmedabad,India
829756,42119,7,11,8,Wankhede Stadium,7,bat,0,1,0,by runs,20,7,194,482,505,Mumbai,India
829758,42119,3,4,8,"MA Chidambaram Stadium, Chepauk",3,bat,0,1,0,by runs,97,3,2,494,499,Chennai,India
829762,42120,6,2,8,Feroz Shah Kotla,2,field,0,1,0,by wickets,10,2,296,481,489,Delhi,India
829764,42121,4,11,8,"Punjab Cricket Association Stadium, Mohali",4,field,0,1,0,by runs,20,11,458,482,505,Chandigarh,India
829766,42131,1,6,8,Eden Gardens,1,bat,0,1,0,by runs,13,1,67,495,481,Kolkata,India
829768,42123,2,5,8,M Chinnaswamy Stadium,5,field,0,0,0,No Result,NULL,,,494,506,Bangalore,India
829770,42122,3,1,8,"MA Chidambaram Stadium, Chepauk",1,field,0,1,0,by runs,2,3,71,502,496,Chennai,India
829772,42125,6,4,8,Feroz Shah Kotla,6,field,0,1,0,by wickets,9,6,371,501,489,Delhi,India
829774,42125,7,5,8,Wankhede Stadium,5,field,0,1,0,by runs,8,7,208,482,498,Mumbai,India
829776,42126,2,1,8,M Chinnaswamy Stadium,2,field,0,1,0,by wickets,7,2,236,494,506,Bangalore,India
829778,42126,11,3,8,"Rajiv Gandhi International Stadium, Uppal",3,field,0,1,0,by runs,22,11,187,495,520,Hyderabad,India
829780,42127,4,7,8,"Punjab Cricket Association Stadium, Mohali",7,bat,0,1,0,by runs,23,7,383,501,496,Chandigarh,India
829782,42127,5,6,8,Brabourne Stadium,6,field,0,1,0,by runs,14,5,85,482,505,Mumbai,India
829784,42128,3,2,8,"MA Chidambaram Stadium, Chepauk",3,bat,0,1,0,by runs,24,3,21,499,503,Chennai,India
829786,42128,1,11,8,Eden Gardens,11,field,0,1,0,by runs,35,1,232,495,481,Kolkata,India
829788,42129,7,6,8,Wankhede Stadium,6,bat,0,1,0,by wickets,5,7,50,482,505,Mumbai,India
829790,42130,2,4,8,M Chinnaswamy Stadium,4,field,0,1,0,by runs,138,2,162,501,496,Bangalore,India
829792,42131,5,11,8,Brabourne Stadium,5,field,0,1,0,by runs,7,11,216,494,499,Mumbai,India
829794,42132,3,7,8,"MA Chidambaram Stadium, Chepauk",3,bat,0,1,0,by wickets,6,7,400,505,498,Chennai,India
829796,42133,1,4,8,Eden Gardens,4,bat,0,1,0,by wickets,1,1,334,495,482,Kolkata,India
829798,42133,6,11,8,Shaheed Veer Narayan Singh International Stadium,11,bat,0,1,0,by runs,6,11,163,496,489,Raipur,India
829800,42134,7,2,8,Wankhede Stadium,2,bat,0,1,0,by runs,39,2,110,494,499,Mumbai,India
829802,42134,3,5,8,"MA Chidambaram Stadium, Chepauk",3,bat,0,1,0,by runs,12,3,35,481,498,Chennai,India
829804,42135,11,4,8,"Rajiv Gandhi International Stadium, Uppal",11,bat,0,1,0,by runs,5,11,187,495,482,Hyderabad,India
829806,42136,6,3,8,Shaheed Veer Narayan Singh International Stadium,3,bat,0,1,0,by wickets,6,6,15,501,496,Raipur,India
829808,42137,4,2,8,"Punjab Cricket Association Stadium, Mohali",2,field,0,1,0,by runs,22,4,374,494,499,Chandigarh,India
829810,42138,7,1,8,Wankhede Stadium,1,field,0,1,0,by runs,5,7,400,501,496,Mumbai,India
829812,42139,11,2,8,"Rajiv Gandhi International Stadium, Uppal",11,bat,0,1,1,by wickets,6,2,8,495,482,Hyderabad,India
829814,42140,4,3,8,"Punjab Cricket Association Stadium, Mohali",4,bat,0,1,0,by wickets,7,3,322,498,499,Chandigarh,India
829816,42140,5,1,8,Brabourne Stadium,5,bat,0,1,0,by runs,9,5,32,502,501,Mumbai,India
829818,42141,2,6,8,M Chinnaswamy Stadium,2,field,0,0,0,No Result,NULL,,,482,520,Bangalore,India
829820,42141,11,7,8,"Rajiv Gandhi International Stadium, Uppal",11,bat,0,1,0,by wickets,9,7,403,505,503,Hyderabad,India
829822,42143,3,7,8,Wankhede Stadium,7,bat,0,1,0,by runs,25,7,221,482,501,Mumbai,India
829824,42144,2,5,8,Maharashtra Cricket Association Stadium,2,bat,0,1,0,by runs,71,2,110,495,499,Pune,India
829826,42146,3,2,8,JSCA International Stadium Complex,3,field,0,1,0,by wickets,3,3,73,495,505,Ranchi,India
829828,42148,7,3,8,Eden Gardens,3,field,0,1,0,by runs,41,7,57,482,501,Kolkata,India
980906,42469,7,12,9,Wankhede Stadium,7,bat,0,1,0,by wickets,9,12,85,482,498,Mumbai,India
980908,42470,1,6,9,Eden Gardens,1,field,0,1,0,by wickets,9,1,334,489,499,Kolkata,India
980910,42471,4,13,9,"Punjab Cricket Association IS Bindra Stadium, Mohali",13,field,0,1,0,by wickets,5,13,254,495,496,Chandigarh,India
980912,42472,2,11,9,M Chinnaswamy Stadium,11,field,0,1,0,by runs,45,2,110,482,521,Bangalore,India
980914,42473,1,7,9,Eden Gardens,7,field,0,1,0,by wickets,6,7,57,507,489,Kolkata,India
980916,42474,13,12,9,Saurashtra Cricket Association Stadium,12,bat,0,1,0,by wickets,7,13,254,496,498,Rajkot,India
980918,42475,6,4,9,Feroz Shah Kotla,6,field,0,1,0,by wickets,8,6,136,489,499,Delhi,India
980920,42476,11,1,9,"Rajiv Gandhi International Stadium, Uppal",11,bat,0,1,0,by wickets,8,1,40,495,498,Hyderabad,India
980922,42476,7,13,9,Wankhede Stadium,13,field,0,1,0,by wickets,3,13,254,482,521,Mumbai,India
980924,42477,4,12,9,"Punjab Cricket Association IS Bindra Stadium, Mohali",12,bat,0,1,0,by wickets,6,4,345,489,499,Chandigarh,India
980926,42477,2,6,9,M Chinnaswamy Stadium,6,field,0,1,0,by wickets,7,6,355,496,511,Bangalore,India
980928,42478,11,7,9,"Rajiv Gandhi International Stadium, Uppal",11,field,0,1,0,by wickets,7,11,187,482,521,Hyderabad,India
980930,42479,4,1,9,"Punjab Cricket Association IS Bindra Stadium, Mohali",1,field,0,1,0,by wickets,6,1,46,489,499,Chandigarh,India
980932,42480,7,2,9,Wankhede Stadium,7,field,0,1,0,by wickets,6,7,57,495,498,Mumbai,India
980934,42481,13,11,9,Saurashtra Cricket Association Stadium,11,field,0,1,0,by wickets,10,11,299,508,482,Rajkot,India
980936,42482,12,2,9,Maharashtra Cricket Association Stadium,12,field,0,1,0,by runs,13,2,110,505,521,Pune,India
980938,42483,6,7,9,Feroz Shah Kotla,7,field,0,1,0,by runs,10,6,351,489,499,Delhi,India
980940,42483,11,4,9,"Rajiv Gandhi International Stadium, Uppal",11,field,0,1,0,by wickets,5,11,460,495,498,Hyderabad,India
980942,42484,13,2,9,Saurashtra Cricket Association Stadium,2,bat,0,1,0,by wickets,6,13,8,508,497,Rajkot,India
980944,42484,12,1,9,Maharashtra Cricket Association Stadium,1,field,0,1,0,by wickets,2,1,308,505,511,Pune,India
980946,42485,4,7,9,"Punjab Cricket Association IS Bindra Stadium, Mohali",4,field,0,1,0,by runs,25,7,17,507,518,Chandigarh,India
980948,42486,11,12,9,"Rajiv Gandhi International Stadium, Uppal",12,field,0,1,1,by runs,34,12,106,509,498,Hyderabad,India
980950,42487,6,13,9,Feroz Shah Kotla,6,field,0,1,0,by runs,1,13,350,481,489,Delhi,India
980952,42488,7,1,9,Wankhede Stadium,7,field,0,1,0,by wickets,6,7,57,507,518,Mumbai,India
980954,42489,12,13,9,Maharashtra Cricket Association Stadium,13,field,0,1,0,by wickets,3,13,147,505,497,Pune,India
980956,42490,6,1,9,Feroz Shah Kotla,1,field,0,1,0,by runs,27,6,408,510,481,Delhi,India
980958,42490,11,2,9,"Rajiv Gandhi International Stadium, Uppal",2,field,0,1,0,by runs,15,11,187,495,482,Hyderabad,India
980960,42491,13,4,9,Saurashtra Cricket Association Stadium,13,field,0,1,0,by runs,23,4,374,497,521,Rajkot,India
980962,42491,12,7,9,Maharashtra Cricket Association Stadium,7,field,0,1,0,by wickets,8,7,57,509,518,Pune,India
980964,42492,2,1,9,M Chinnaswamy Stadium,1,field,0,1,0,by wickets,5,1,334,481,489,Bangalore,India
980966,42493,13,6,9,Saurashtra Cricket Association Stadium,6,field,0,1,0,by wickets,8,6,420,505,497,Rajkot,India
980968,42494,1,4,9,Eden Gardens,4,field,0,1,0,by runs,7,1,334,495,482,Kolkata,India
980970,42495,6,12,9,Feroz Shah Kotla,12,field,0,1,0,by wickets,7,12,85,499,518,Delhi,India
980972,42496,11,13,9,"Rajiv Gandhi International Stadium, Uppal",11,field,0,1,0,by wickets,5,11,299,481,489,Hyderabad,India
980974,42497,2,12,9,M Chinnaswamy Stadium,2,field,0,1,0,by wickets,7,2,8,505,497,Bangalore,India
980976,42497,4,6,9,"Punjab Cricket Association IS Bindra Stadium, Mohali",6,field,0,1,0,by runs,9,4,409,482,498,Chandigarh,India
980978,42498,7,11,9,Dr. Y.S. Rajasekhara Reddy ACA-VDCA Cricket Stadium,7,field,0,1,0,by runs,85,11,73,489,499,Visakhapatnam,India
980980,42498,1,13,9,Eden Gardens,13,field,0,1,0,by wickets,5,13,14,481,518,Kolkata,India
980982,42499,4,2,9,"Punjab Cricket Association IS Bindra Stadium, Mohali",4,field,0,1,0,by runs,1,2,32,495,482,Chandigarh,India
980984,42500,12,11,9,Dr. Y.S. Rajasekhara Reddy ACA-VDCA Cricket Stadium,11,bat,0,1,0,by runs,4,11,430,505,521,Visakhapatnam,India
980986,42501,2,7,9,M Chinnaswamy Stadium,7,field,0,1,0,by wickets,6,7,413,509,499,Bangalore,India
980988,42502,11,6,9,"Rajiv Gandhi International Stadium, Uppal",6,field,0,1,0,by wickets,7,6,350,508,481,Hyderabad,India
980990,42503,7,4,9,Dr. Y.S. Rajasekhara Reddy ACA-VDCA Cricket Stadium,7,bat,0,1,0,by wickets,7,4,409,482,498,Visakhapatnam,India
980992,42504,2,13,9,M Chinnaswamy Stadium,13,field,0,1,0,by runs,144,2,110,509,521,Bangalore,India
980994,42504,1,12,9,Eden Gardens,12,bat,0,1,1,by wickets,8,1,31,511,497,Kolkata,India
980996,42505,4,11,9,"Punjab Cricket Association IS Bindra Stadium, Mohali",4,bat,0,1,0,by wickets,7,11,427,510,481,Chandigarh,India
980998,42505,7,6,9,Dr. Y.S. Rajasekhara Reddy ACA-VDCA Cricket Stadium,6,field,0,1,0,by runs,80,7,413,507,498,Visakhapatnam,India
981000,42506,1,2,9,Eden Gardens,2,field,0,1,0,by wickets,9,2,8,505,511,Kolkata,India
981002,42507,12,6,9,Dr. Y.S. Rajasekhara Reddy ACA-VDCA Cricket Stadium,12,field,0,1,1,by runs,19,12,106,507,499,Visakhapatnam,India
981004,42508,2,4,9,M Chinnaswamy Stadium,4,field,0,1,1,by runs,82,2,8,510,481,Bangalore,India
981006,42509,13,1,9,Green Park,13,field,0,1,0,by wickets,6,13,147,495,498,Kanpur,India
981008,42510,6,11,9,Shaheed Veer Narayan Singh International Stadium,6,field,0,1,0,by wickets,6,6,339,511,497,Raipur,India
981010,42511,12,4,9,Dr. Y.S. Rajasekhara Reddy ACA-VDCA Cricket Stadium,4,bat,0,1,0,by wickets,4,12,20,482,507,Visakhapatnam,India
981012,42511,13,7,9,Green Park,13,field,0,1,0,by wickets,6,13,21,495,498,Kanpur,India
981014,42512,1,11,9,Eden Gardens,11,field,0,1,0,by runs,22,1,31,510,481,Kolkata,India
981016,42512,6,2,9,Shaheed Veer Narayan Singh International Stadium,2,field,0,1,0,by wickets,6,2,8,511,497,Raipur,India
981018,42514,13,2,9,M Chinnaswamy Stadium,2,field,0,1,0,by wickets,4,2,110,495,482,Bangalore,India
981020,42515,11,1,9,Feroz Shah Kotla,1,field,0,1,0,by runs,22,11,163,481,499,Delhi,India
981022,42517,13,11,9,Feroz Shah Kotla,11,field,0,1,0,by wickets,4,11,187,481,498,Delhi,India
981024,42519,2,11,9,M Chinnaswamy Stadium,11,bat,0,1,0,by runs,8,11,385,482,497,Bangalore,India
